date,area_id,ndvi_mean,temperature_2m_max,temperature_2m_min,temperature_2m_mean,precipitation_sum,rain_sum,snowfall_sum,precipitation_hours,soil_temperature_0_to_7cm_mean,soil_moisture_0_to_7cm_mean,month,day_of_year,season,week_of_year,ndvi_min_30day,ndvi_max_30day,ndvi_rolling_std,ndvi_same_week_last_year,ndvi_seasonal_avg
2019-01-07,area_30.89N_75.95E,0.2710557286851474,18.959,4.209,11.018226,11.700001,11.700001,0.0,24.0,11.766144,0.2595,1,7,Winter,2,0.2710557286851474,0.2710557286851474,0.0,0.2710557286851474,0.2710557286851474
2019-01-14,area_30.89N_75.95E,0.2710557286851474,18.809,2.9589999,10.62269,5.9,5.9,0.0,11.0,11.682511,0.2770238,1,14,Winter,3,0.2710557286851474,0.2710557286851474,0.0,0.2710557286851474,0.2710557286851474
2019-01-21,area_30.89N_75.95E,0.25149583152810195,20.709,3.2089999,11.608405,39.699997,39.699997,0.0,36.0,11.814952,0.2761607,1,21,Winter,4,0.25149583152810195,0.2710557286851474,0.013830935919058292,0.25149583152810195,0.25149583152810195
2019-01-28,area_30.89N_75.95E,0.367818957313988,16.809,2.5089998,9.26525,1.0,1.0,0.0,6.0,10.957809,0.32402974,1,28,Winter,5,0.25149583152810195,0.367818957313988,0.06228534014794404,0.367818957313988,0.367818957313988
2019-02-04,area_30.89N_75.95E,0.5799702182639636,20.409,5.159,11.800369,8.5,8.5,0.0,23.0,12.005727,0.3020833,2,35,Winter,6,0.25149583152810195,0.5799702182639636,0.16655061785973857,0.5799702182639636,0.5799702182639636
2019-02-11,area_30.89N_75.95E,0.5799702182639636,19.809,4.759,12.372988,36.1,36.1,0.0,29.0,13.1146555,0.36881548,2,42,Winter,7,0.25149583152810195,0.5799702182639636,0.16655061785973857,0.5799702182639636,0.5799702182639636
2019-02-18,area_30.89N_75.95E,0.6139462836054148,21.159,8.809,13.988167,25.699999,25.699999,0.0,49.0,14.536084,0.37917858,2,49,Winter,8,0.367818957313988,0.6139462836054148,0.13337990308770753,0.6139462836054148,0.6139462836054148
2019-02-25,area_30.89N_75.95E,0.6091966791557648,21.359001,6.559,14.065549,25.8,25.8,0.0,48.0,14.92656,0.37775594,2,56,Winter,9,0.5799702182639636,0.6139462836054148,0.018398902932758858,0.6091966791557648,0.6091966791557648
2019-03-04,area_30.89N_75.95E,0.45901226576411147,20.759,5.3589997,13.189359,11.6,11.6,0.0,28.0,14.393823,0.35772616,3,63,Summer,10,0.45901226576411147,0.6139462836054148,0.0881121129136741,0.45901226576411147,0.45901226576411147
2019-03-11,area_30.89N_75.95E,0.6356169762477273,22.909,8.109,15.031024,6.2000003,6.2000003,0.0,9.0,15.649774,0.32316667,3,70,Summer,11,0.45901226576411147,0.6356169762477273,0.0811065869888194,0.6356169762477273,0.6356169762477273
2019-03-18,area_30.89N_75.95E,0.46026877706040775,26.409,8.609,16.856321,2.0,2.0,0.0,3.0,17.195606,0.28533927,3,77,Summer,12,0.45901226576411147,0.6356169762477273,0.09459153577823534,0.46026877706040775,0.46026877706040775
2019-03-25,area_30.89N_75.95E,0.5741930438376599,27.459,11.509001,18.762571,2.6000001,2.6000001,0.0,10.0,19.352451,0.2167738,3,84,Summer,13,0.45901226576411147,0.6356169762477273,0.08753858350034113,0.5741930438376599,0.5741930438376599
2019-04-01,area_30.89N_75.95E,0.41255387229386353,32.609,13.359,22.912868,0.0,0.0,0.0,0.0,22.750368,0.1832738,4,91,Summer,14,0.41255387229386353,0.6356169762477273,0.10233104418644763,0.41255387229386353,0.41255387229386353
2019-04-08,area_30.89N_75.95E,0.3030296162358819,34.409,15.059,24.726856,6.2000003,6.2000003,0.0,7.0,25.027452,0.19191071,4,98,Summer,15,0.3030296162358819,0.5741930438376599,0.1124099614897705,0.3030296162358819,0.3030296162358819
2019-04-15,area_30.89N_75.95E,0.26594182043125963,36.059002,19.109001,26.376858,7.0000005,7.0000005,0.0,7.0,26.405132,0.18676785,4,105,Summer,16,0.26594182043125963,0.5741930438376599,0.13830576150680154,0.26594182043125963,0.26594182043125963
2019-04-22,area_30.89N_75.95E,0.22718310060348748,36.759,15.109,23.970903,31.300005,31.300005,0.0,25.0,25.153345,0.2612619,4,112,Summer,17,0.22718310060348748,0.41255387229386353,0.07983494238500867,0.22718310060348748,0.22718310060348748
2019-04-29,area_30.89N_75.95E,0.22168271960808084,39.309002,19.909,29.296797,0.0,0.0,0.0,0.0,29.681616,0.16302381,4,119,Summer,18,0.22168271960808084,0.3030296162358819,0.037899952376459135,0.22168271960808084,0.22168271960808084
2019-05-06,area_30.89N_75.95E,0.20196870592234786,38.409,18.109001,28.699474,0.0,0.0,0.0,0.0,29.456915,0.15874407,5,126,Summer,19,0.20196870592234786,0.26594182043125963,0.026783589462840658,0.20196870592234786,0.20196870592234786
2019-05-13,area_30.89N_75.95E,0.17900347673173128,39.859,21.409,30.019415,0.3,0.3,0.0,2.0,30.757214,0.15309525,5,133,Summer,20,0.17900347673173128,0.22718310060348748,0.021841966308259016,0.17900347673173128,0.17900347673173128
2019-05-20,area_30.89N_75.95E,0.2065882999209304,38.259,20.559,28.106619,16.6,16.6,0.0,9.0,29.4465,0.18579169,5,140,Summer,21,0.17900347673173128,0.22168271960808084,0.017672168525352763,0.2065882999209304,0.2065882999209304
2019-05-27,area_30.89N_75.95E,0.17250813395946393,39.359,20.809,29.6212,0.0,0.0,0.0,0.0,30.866438,0.16027975,5,147,Summer,22,0.17250813395946393,0.2065882999209304,0.016785999525747494,0.17250813395946393,0.17250813395946393
2019-06-03,area_30.89N_75.95E,0.16461097562416793,43.009,23.109001,33.28132,0.0,0.0,0.0,0.0,33.714954,0.14803573,6,154,Monsoon,23,0.16461097562416793,0.2065882999209304,0.018248686283973827,0.16461097562416793,0.16461097562416793
2019-06-10,area_30.89N_75.95E,0.11627733972893681,43.259,23.759,33.734596,0.0,0.0,0.0,0.0,34.628643,0.14561905,6,161,Monsoon,24,0.11627733972893681,0.2065882999209304,0.03723800778584011,0.11627733972893681,0.11627733972893681
2019-06-17,area_30.89N_75.95E,0.15492649067234412,41.109,24.459,32.39352,3.7999997,3.7999997,0.0,8.0,34.057514,0.14655955,6,168,Monsoon,25,0.11627733972893681,0.17250813395946393,0.024928343952428465,0.15492649067234412,0.15492649067234412
2019-06-24,area_30.89N_75.95E,0.14364041262183438,39.159,23.909,31.172392,7.2,7.2,0.0,12.0,33.168224,0.16037501,6,175,Monsoon,26,0.11627733972893681,0.16461097562416793,0.020895701920135533,0.14364041262183438,0.14364041262183438
2019-07-01,area_30.89N_75.95E,0.158991690670155,40.759,26.259,33.48043,0.0,0.0,0.0,0.0,34.78043,0.15680952,7,182,Monsoon,27,0.11627733972893681,0.158991690670155,0.019249618068983336,0.158991690670155,0.158991690670155
2019-07-08,area_30.89N_75.95E,0.158991690670155,38.709,26.609001,31.834295,20.599998,20.599998,0.0,25.0,33.59888,0.21045831,7,189,Monsoon,28,0.14364041262183438,0.158991690670155,0.0079536484972041,0.158991690670155,0.158991690670155
2019-07-15,area_30.89N_75.95E,0.158991690670155,34.859,23.809,27.9337,109.00001,109.00001,0.0,97.0,29.17418,0.3810595,7,196,Monsoon,29,0.14364041262183438,0.158991690670155,0.010854992807866365,0.158991690670155,0.158991690670155
2019-07-22,area_30.89N_75.95E,0.158991690670155,34.159,23.409,28.489655,36.1,36.1,0.0,51.0,29.441736,0.3816131,7,203,Monsoon,30,0.158991690670155,0.158991690670155,0.0,0.158991690670155,0.158991690670155
2019-07-29,area_30.89N_75.95E,0.158991690670155,34.909,25.259,28.47031,40.000004,40.000004,0.0,66.0,29.167332,0.3775893,7,210,Monsoon,31,0.158991690670155,0.158991690670155,0.0,0.158991690670155,0.158991690670155
2019-08-05,area_30.89N_75.95E,0.5599297864596499,32.709,24.959,28.11793,55.9,55.9,0.0,80.0,28.786974,0.3982381,8,217,Monsoon,32,0.5599297864596499,0.5599297864596499,0.0,0.5599297864596499,0.5599297864596499
2019-08-12,area_30.89N_75.95E,0.5599297864596499,32.459,25.259,28.814953,27.5,27.5,0.0,47.0,29.752748,0.33933333,8,224,Monsoon,33,0.5599297864596499,0.5599297864596499,0.0,0.5599297864596499,0.5599297864596499
2019-08-19,area_30.89N_75.95E,0.4955461357567057,32.009,23.859001,27.236082,231.3,231.3,0.0,65.0,28.249475,0.39181548,8,231,Monsoon,34,0.4955461357567057,0.5599297864596499,0.04552611600959788,0.4955461357567057,0.4955461357567057
2019-08-26,area_30.89N_75.95E,0.32469567679975286,33.059002,23.759,28.543821,3.2000003,3.2000003,0.0,18.0,29.677155,0.30070236,8,238,Monsoon,35,0.32469567679975286,0.5599297864596499,0.12156631945233615,0.32469567679975286,0.32469567679975286
2019-09-02,area_30.89N_75.95E,0.32469567679975286,33.909,24.859001,29.213465,20.6,20.6,0.0,39.0,30.336084,0.28414282,9,245,Post-Monsoon,36,0.32469567679975286,0.4955461357567057,0.12080951809729538,0.32469567679975286,0.32469567679975286
2019-09-09,area_30.89N_75.95E,0.340633690434614,33.609,25.109001,28.878048,17.800001,17.800001,0.0,45.0,30.244116,0.2823512,9,252,Post-Monsoon,37,0.32469567679975286,0.4955461357567057,0.09437669673538467,0.340633690434614,0.340633690434614
2019-09-16,area_30.89N_75.95E,0.5968538483992206,34.559002,25.109001,29.24174,1.9,1.9,0.0,13.0,30.914356,0.20277975,9,259,Post-Monsoon,38,0.32469567679975286,0.5968538483992206,0.1527377163606501,0.5968538483992206,0.5968538483992206
2019-09-23,area_30.89N_75.95E,0.3354713216779051,32.259,22.909,27.420012,5.7999997,5.7999997,0.0,19.0,29.56763,0.17211904,9,266,Post-Monsoon,39,0.3354713216779051,0.5968538483992206,0.14944131773252867,0.3354713216779051,0.3354713216779051
2019-09-30,area_30.89N_75.95E,0.48665513478224964,32.009,21.459,25.95989,82.0,82.0,0.0,47.0,27.73251,0.25136906,9,273,Post-Monsoon,40,0.3354713216779051,0.5968538483992206,0.12593609778732417,0.48665513478224964,0.48665513478224964
2019-10-07,area_30.89N_75.95E,0.45477649568430617,30.559,18.009,24.359592,2.2,2.2,0.0,3.0,25.953642,0.25693455,10,280,Post-Monsoon,41,0.3354713216779051,0.5968538483992206,0.10753180670261263,0.45477649568430617,0.45477649568430617
2019-10-14,area_30.89N_75.95E,0.3514624708257738,31.759,18.309,24.640247,0.0,0.0,0.0,0.0,26.328047,0.18947025,10,287,Post-Monsoon,42,0.3354713216779051,0.48665513478224964,0.07489608272544002,0.3514624708257738,0.3514624708257738
2019-10-21,area_30.89N_75.95E,0.1970603413514976,30.909,16.009,23.297693,2.3,2.3,0.0,4.0,25.100965,0.20129167,10,294,Post-Monsoon,43,0.1970603413514976,0.48665513478224964,0.1304127645603688,0.1970603413514976,0.1970603413514976
2019-10-28,area_30.89N_75.95E,0.1970603413514976,30.109001,15.759001,22.606916,0.0,0.0,0.0,0.0,23.931917,0.19470835,10,301,Post-Monsoon,44,0.1970603413514976,0.45477649568430617,0.12969928136703554,0.1970603413514976,0.1970603413514976
2019-11-04,area_30.89N_75.95E,0.22965246759911265,30.259,15.559,22.346798,0.0,0.0,0.0,0.0,23.441143,0.19729762,11,308,Post-Monsoon,45,0.1970603413514976,0.3514624708257738,0.0813838038408247,0.22965246759911265,0.22965246759911265
2019-11-11,area_30.89N_75.95E,0.22965246759911265,28.409,11.509001,18.472988,13.3,13.3,0.0,18.0,19.919416,0.2748631,11,315,Post-Monsoon,46,0.1970603413514976,0.22965246759911265,0.023046113482977987,0.22965246759911265,0.22965246759911265
2019-11-18,area_30.89N_75.95E,0.2042782060260922,26.009,11.809,18.359297,0.0,0.0,0.0,0.0,19.368525,0.24338092,11,322,Post-Monsoon,47,0.2042782060260922,0.22965246759911265,0.017942312425885676,0.2042782060260922,0.2042782060260922
2019-11-25,area_30.89N_75.95E,0.2631219543580493,24.209,10.959001,16.808107,0.0,0.0,0.0,0.0,18.078346,0.2078869,11,329,Post-Monsoon,48,0.2042782060260922,0.2631219543580493,0.02951453430666994,0.2631219543580493,0.2631219543580493
2019-12-02,area_30.89N_75.95E,0.2871017645700329,21.709,8.509001,15.286679,18.500002,18.500002,0.0,26.0,16.873583,0.27755952,12,336,Winter,49,0.2042782060260922,0.2871017645700329,0.04261721065766585,0.2871017645700329,0.2871017645700329
2019-12-09,area_30.89N_75.95E,0.28029684712368663,22.209,7.059,13.063764,0.0,0.0,0.0,0.0,14.395608,0.22597615,12,343,Winter,50,0.2042782060260922,0.2871017645700329,0.0376579755858867,0.28029684712368663,0.28029684712368663
2019-12-16,area_30.89N_75.95E,0.28029684712368663,19.709,6.759,12.281619,59.8,59.8,0.0,41.0,13.495012,0.33327976,12,350,Winter,51,0.2631219543580493,0.2871017645700329,0.012357960597429031,0.28029684712368663,0.28029684712368663
2019-12-23,area_30.89N_75.95E,0.28029684712368663,17.259,4.3589997,9.814654,0.1,0.1,0.0,1.0,11.328941,0.3483869,12,357,Winter,52,0.28029684712368663,0.2871017645700329,0.00481180327173191,0.28029684712368663,0.28029684712368663
2019-12-30,area_30.89N_75.95E,0.3260711000993601,13.359,1.959,6.47775,0.0,0.0,0.0,0.0,8.691143,0.3364881,12,364,Winter,1,0.28029684712368663,0.3260711000993601,0.032367284682848045,0.3260711000993601,0.3260711000993601
2020-01-06,area_30.89N_75.95E,0.5239211025293891,18.159,1.459,10.533107,23.6,23.6,0.0,47.0,10.821797,0.32314286,1,6,Winter,2,0.3260711000993601,0.5239211025293891,0.13990107837604854,0.5239211025293891,0.3974884156072682
2020-01-13,area_30.89N_75.95E,0.5239211025293891,15.559,4.059,10.083107,34.0,34.0,0.0,21.0,10.983703,0.38094643,1,13,Winter,3,0.3260711000993601,0.5239211025293891,0.13990107837604854,0.5239211025293891,0.3974884156072682
2020-01-20,area_30.89N_75.95E,0.4203469294641242,17.759,3.7589998,10.474477,0.7,0.7,0.0,3.0,11.274774,0.36530358,1,20,Winter,4,0.3260711000993601,0.5239211025293891,0.09896141065261259,0.4203469294641242,0.3359213804961131
2020-01-27,area_30.89N_75.95E,0.4134159489953651,17.509,4.509,10.520309,17.9,17.9,0.0,29.0,11.1715,0.31307143,1,27,Winter,5,0.4134159489953651,0.5239211025293891,0.06189646836181377,0.4134159489953651,0.39061745315467655
2020-02-03,area_30.89N_75.95E,0.20909700839333734,17.309,3.909,10.350369,2.6000004,2.6000004,0.0,14.0,11.261976,0.34348217,2,34,Winter,6,0.20909700839333734,0.4203469294641242,0.12001444158336882,0.20909700839333734,0.39453361332865045
2020-02-10,area_30.89N_75.95E,0.40709752679147815,19.309,4.309,10.945311,0.0,0.0,0.0,0.0,11.646203,0.28796428,2,41,Winter,7,0.20909700839333734,0.4203469294641242,0.10240461885240176,0.40709752679147815,0.40709752679147815
2020-02-17,area_30.89N_75.95E,0.4523752423368289,23.209,6.959,14.542037,0.0,0.0,0.0,0.0,14.356024,0.22885714,2,48,Winter,8,0.20909700839333734,0.4523752423368289,0.10944654494590435,0.4523752423368289,0.5331607629711219
2020-02-24,area_30.89N_75.95E,0.5834034384188319,24.609001,8.509001,16.412275,15.5,15.5,0.0,17.0,16.43162,0.2555774,2,55,Winter,9,0.20909700839333734,0.5834034384188319,0.15513328734867776,0.5834034384188319,0.5963000587872984
2020-03-02,area_30.89N_75.95E,0.4761291935212896,24.909,10.009001,17.823286,13.6,13.6,0.0,15.0,18.260191,0.2706488,3,62,Summer,10,0.40709752679147815,0.5834034384188319,0.07479952038336062,0.4761291935212896,0.4675707296427005
2020-03-09,area_30.89N_75.95E,0.47216942376222215,24.609001,8.109,15.745607,44.7,44.7,0.0,43.0,16.447393,0.31148216,3,69,Summer,11,0.4523752423368289,0.5834034384188319,0.05917551393607882,0.47216942376222215,0.5538932000049748
2020-03-16,area_30.89N_75.95E,0.48408512958823674,24.559,9.459001,15.810491,93.40001,93.40001,0.0,48.0,16.442333,0.3652143,3,76,Summer,12,0.47216942376222215,0.5834034384188319,0.05320233143741032,0.48408512958823674,0.47217695332432225
2020-03-23,area_30.89N_75.95E,0.5020045860595661,27.409,11.959001,19.426855,2.4,2.4,0.0,7.0,20.01912,0.25995836,3,83,Summer,13,0.47216942376222215,0.5020045860595661,0.01323423750833754,0.5020045860595661,0.538098814948613
2020-03-30,area_30.89N_75.95E,0.45290665536480595,27.459,12.609,19.664951,20.300001,20.300001,0.0,25.0,20.278345,0.28863692,3,90,Summer,14,0.45290665536480595,0.5020045860595661,0.020629643264426727,0.45290665536480595,0.43273026382933477
2020-04-06,area_30.89N_75.95E,0.45290665536480595,30.609001,12.059,20.955725,0.0,0.0,0.0,0.0,21.908108,0.21444644,4,97,Summer,15,0.45290665536480595,0.5020045860595661,0.02484555954168532,0.45290665536480595,0.3030296162358819
2020-04-13,area_30.89N_75.95E,0.2613674643360507,36.409,14.909,24.917631,0.0,0.0,0.0,0.0,25.48757,0.16205357,4,104,Summer,16,0.2613674643360507,0.5020045860595661,0.12715088992337378,0.2613674643360507,0.26365464238365516
2020-04-20,area_30.89N_75.95E,0.2438666490653203,35.709,16.109001,25.448286,6.8999996,6.8999996,0.0,14.0,27.006319,0.15717855,4,111,Summer,17,0.2438666490653203,0.45290665536480595,0.11596785795266666,0.2438666490653203,0.23552487483440387
2020-04-27,area_30.89N_75.95E,0.21349171221815036,34.859,17.259,25.543226,33.800003,33.800003,0.0,18.0,27.075071,0.20761906,4,118,Summer,18,0.21349171221815036,0.2613674643360507,0.02422465329805016,0.21349171221815036,0.21758721591311558
2020-05-04,area_30.89N_75.95E,0.21602561061119904,35.809002,18.909,26.843822,2.2,2.2,0.0,5.0,28.047394,0.22902977,5,125,Summer,19,0.21349171221815036,0.2613674643360507,0.02301888848847901,0.21602561061119904,0.20899715826677345
2020-05-11,area_30.89N_75.95E,0.21602561061119904,37.309002,17.959,27.435785,5.5,5.5,0.0,6.0,28.867926,0.16904166,5,132,Summer,20,0.21349171221815036,0.2438666490653203,0.016853193820656448,0.21602561061119904,0.17900347673173128
2020-05-18,area_30.89N_75.95E,0.1935580365284733,36.959,19.909,28.48519,0.1,0.1,0.0,1.0,29.730429,0.16404761,5,139,Summer,21,0.1935580365284733,0.21602561061119904,0.012305581069378244,0.1935580365284733,0.20007316822470184
2020-05-25,area_30.89N_75.95E,0.17443966504655858,42.259,20.059,31.781023,0.0,0.0,0.0,0.0,32.4215,0.1465893,5,146,Summer,22,0.17443966504655858,0.21602561061119904,0.02081543850842627,0.17443966504655858,0.17347389950301126
2020-06-01,area_30.89N_75.95E,0.16122610234648782,41.659,20.759,28.763762,20.0,20.0,0.0,22.0,30.455427,0.22398809,6,153,Monsoon,23,0.16122610234648782,0.1935580365284733,0.016255585374968715,0.16122610234648782,0.16291853898532788
2020-06-08,area_30.89N_75.95E,0.19158614615002975,37.459,21.809,28.77358,0.6,0.6,0.0,4.0,30.55394,0.225125,6,160,Monsoon,24,0.16122610234648782,0.1935580365284733,0.015289121298455537,0.19158614615002975,0.15393174293948328
2020-06-15,area_30.89N_75.95E,0.20232258995160368,39.609,25.009,31.979237,0.6,0.6,0.0,2.0,32.92269,0.2022024,6,167,Monsoon,25,0.16122610234648782,0.20232258995160368,0.018193364938569163,0.20232258995160368,0.1786245403119739
2020-06-22,area_30.89N_75.95E,0.18496648217356354,40.109,24.859001,32.595905,3.8,3.8,0.0,9.0,34.06793,0.17433333,6,174,Monsoon,26,0.16122610234648782,0.20232258995160368,0.017403507408548447,0.18496648217356354,0.16430344739769898
2020-06-29,area_30.89N_75.95E,0.2017093218832588,38.659,24.609001,31.418224,2.6,2.6,0.0,11.0,33.03013,0.20855357,6,181,Monsoon,27,0.18496648217356354,0.20232258995160368,0.008384028069602568,0.2017093218832588,0.1803505062767069
2020-07-06,area_30.89N_75.95E,0.2017093218832588,39.209,24.609001,31.473583,12.400001,12.400001,0.0,16.0,33.51674,0.18361308,7,188,Monsoon,28,0.18496648217356354,0.20232258995160368,0.009848293054053436,0.2017093218832588,0.1803505062767069
2020-07-13,area_30.89N_75.95E,0.2017093218832588,34.709,24.059,29.189358,24.9,24.9,0.0,38.0,30.288164,0.3546488,7,195,Monsoon,29,0.18496648217356354,0.2017093218832588,0.011838975495044304,0.2017093218832588,0.1803505062767069
2020-07-20,area_30.89N_75.95E,0.37705952044182794,34.309002,23.909,29.247095,55.4,55.4,0.0,45.0,30.510786,0.3232917,7,202,Monsoon,30,0.2017093218832588,0.37705952044182794,0.12399131448317184,0.37705952044182794,0.37705952044182794
2020-07-27,area_30.89N_75.95E,0.4286395568553318,35.059002,23.409,28.888464,5.8,5.8,0.0,33.0,30.035486,0.31204757,7,209,Monsoon,31,0.37705952044182794,0.4286395568553318,0.03647259352183807,0.4286395568553318,0.4286395568553318
2020-08-03,area_30.89N_75.95E,0.4286395568553318,35.609,24.659,29.308405,38.8,38.8,0.0,46.0,30.4587,0.2971488,8,216,Monsoon,32,0.37705952044182794,0.4286395568553318,0.03647259352183807,0.4286395568553318,0.5599297864596499
2020-08-10,area_30.89N_75.95E,0.3852642226252941,35.659,25.759,29.962866,38.4,38.4,0.0,43.0,31.23757,0.28375596,8,223,Monsoon,33,0.37705952044182794,0.4286395568553318,0.027716532112036594,0.3852642226252941,0.3852642226252941
2020-08-17,area_30.89N_75.95E,0.6662508292271273,33.159,25.359001,28.979534,40.2,40.2,0.0,70.0,30.083704,0.35966668,8,230,Monsoon,34,0.3852642226252941,0.6662508292271273,0.1512690811475391,0.6662508292271273,0.5808984824919166
2020-08-24,area_30.89N_75.95E,0.6662508292271273,32.209,24.309,27.77001,57.0,57.0,0.0,54.0,28.753046,0.3608988,8,237,Monsoon,35,0.3852642226252941,0.6662508292271273,0.19868753495075311,0.6662508292271273,0.32469567679975286
2020-08-31,area_30.89N_75.95E,0.6662508292271273,31.759,24.459,28.15275,16.6,16.6,0.0,53.0,29.233702,0.35235715,8,244,Monsoon,36,0.3852642226252941,0.6662508292271273,0.19868753495075311,0.6662508292271273,0.32469567679975286
2020-09-07,area_30.89N_75.95E,0.4641353692311418,33.259,24.209,28.216143,15.4,15.4,0.0,34.0,29.515842,0.30363694,9,251,Post-Monsoon,37,0.4641353692311418,0.6662508292271273,0.14291721234579996,0.4641353692311418,0.40238452983287787
2020-09-14,area_30.89N_75.95E,0.3378820158192178,35.209,23.609001,29.340548,0.2,0.2,0.0,1.0,31.015545,0.19989286,9,258,Post-Monsoon,38,0.3378820158192178,0.4641353692311418,0.08927460234511349,0.3378820158192178,0.46736793210921923
2020-09-21,area_30.89N_75.95E,0.12803122476998977,36.209,24.159,30.220903,0.0,0.0,0.0,0.0,31.884892,0.16448215,9,265,Post-Monsoon,39,0.12803122476998977,0.4641353692311418,0.16977596005506101,0.12803122476998977,0.23175127322394745
2020-09-28,area_30.89N_75.95E,0.4167186380480027,35.059002,20.809,28.083105,0.70000005,0.70000005,0.0,3.0,29.944714,0.17812501,9,272,Post-Monsoon,40,0.12803122476998977,0.4641353692311418,0.1485337340083038,0.4167186380480027,0.45168688641512617
2020-10-05,area_30.89N_75.95E,0.3869098601328987,34.859,18.309,26.42031,0.0,0.0,0.0,0.0,27.74769,0.16420832,10,279,Post-Monsoon,41,0.12803122476998977,0.4167186380480027,0.13035318392089681,0.3869098601328987,0.42084317790860243
2020-10-12,area_30.89N_75.95E,0.32294363538618265,34.609,17.809,26.33162,0.0,0.0,0.0,0.0,27.849178,0.14399406,10,286,Post-Monsoon,42,0.12803122476998977,0.4167186380480027,0.1297829632238927,0.32294363538618265,0.3372030531059782
2020-10-19,area_30.89N_75.95E,0.23612241327662403,34.359,15.459001,24.972689,0.0,0.0,0.0,0.0,26.373285,0.14152975,10,293,Post-Monsoon,43,0.23612241327662403,0.4167186380480027,0.07992901403384416,0.23612241327662403,0.2165913773140608
2020-10-26,area_30.89N_75.95E,0.286172972342254,32.409,13.509001,23.27537,0.0,0.0,0.0,0.0,24.711975,0.13968453,10,300,Post-Monsoon,44,0.23612241327662403,0.3869098601328987,0.06348983995595667,0.286172972342254,0.286172972342254
2020-11-02,area_30.89N_75.95E,0.09622514829521878,30.359001,12.359,21.19144,0.0,0.0,0.0,0.0,22.33638,0.14015476,11,307,Post-Monsoon,45,0.09622514829521878,0.32294363538618265,0.09935112720815252,0.09622514829521878,0.1629388079471657
2020-11-09,area_30.89N_75.95E,0.08002288676825339,30.259,10.359,20.26912,0.0,0.0,0.0,0.0,21.225666,0.13972023,11,314,Post-Monsoon,46,0.08002288676825339,0.286172972342254,0.10217791359077083,0.08002288676825339,0.08002288676825339
2020-11-16,area_30.89N_75.95E,0.20262720769830303,28.409,11.109,18.384298,13.5,13.5,0.0,16.0,19.528347,0.16870236,11,321,Post-Monsoon,47,0.08002288676825339,0.286172972342254,0.09668404705829091,0.20262720769830303,0.20345270686219763
2020-11-23,area_30.89N_75.95E,0.2225823428552578,22.659,6.459,14.551263,0.1,0.1,0.0,1.0,16.208405,0.21207738,11,328,Post-Monsoon,48,0.08002288676825339,0.2225823428552578,0.07263107552932747,0.2225823428552578,0.24285214860665355
2020-11-30,area_30.89N_75.95E,0.16609152870978772,24.059,7.959,15.176263,7.900001,7.900001,0.0,19.0,16.095013,0.21869643,11,335,Post-Monsoon,49,0.08002288676825339,0.2225823428552578,0.06303907815613477,0.16609152870978772,0.2265966466399103
2020-12-07,area_30.89N_75.95E,0.19595070153051897,24.959,9.259001,16.895906,0.0,0.0,0.0,0.0,17.471203,0.17994642,12,342,Winter,50,0.16609152870978772,0.2225823428552578,0.023398122426273097,0.19595070153051897,0.2381237743271028
2020-12-14,area_30.89N_75.95E,0.39818596038704246,24.009,4.159,13.963762,10.500001,10.500001,0.0,12.0,15.680727,0.24633333,12,349,Winter,51,0.16609152870978772,0.39818596038704246,0.10424153931878918,0.39818596038704246,0.39818596038704246
2020-12-21,area_30.89N_75.95E,0.18809079125888375,19.509,2.359,9.827155,0.0,0.0,0.0,0.0,10.893823,0.2637738,12,356,Winter,52,0.16609152870978772,0.39818596038704246,0.10814504965364148,0.18809079125888375,0.18809079125888375
2020-12-28,area_30.89N_75.95E,0.18809079125888375,19.109001,2.109,9.773286,1.7,1.7,0.0,4.0,10.584297,0.24217263,12,363,Winter,53,0.18809079125888375,0.39818596038704246,0.11909440107552832,0.18809079125888375,0.18809079125888375
2021-01-04,area_30.89N_75.95E,0.18809079125888375,17.959,2.409,10.887275,26.900002,26.900002,0.0,44.0,11.099475,0.32591668,1,4,Winter,1,0.18809079125888375,0.39818596038704246,0.14855971878505564,0.18809079125888375,0.3260711000993601
2021-01-11,area_30.89N_75.95E,0.18809079125888375,17.709,4.6089997,11.179238,5.2999997,5.2999997,0.0,11.0,12.5209055,0.362,1,11,Winter,2,0.18809079125888375,0.18809079125888375,0.0,0.18809079125888375,0.3974884156072682
2021-01-18,area_30.89N_75.95E,0.4689825110005197,19.459,3.959,10.0450115,0.0,0.0,0.0,0.0,11.1491785,0.3336131,1,18,Winter,3,0.4689825110005197,0.4689825110005197,0.0,0.4689825110005197,0.4689825110005197
2021-01-25,area_30.89N_75.95E,0.37757142558663537,18.509,4.459,11.372988,2.0,2.0,0.0,9.0,12.04531,0.32242855,1,25,Winter,4,0.37757142558663537,0.4689825110005197,0.0646373983717803,0.37757142558663537,0.3498047288596205
2021-02-01,area_30.89N_75.95E,0.2926115625700716,20.759,3.5089998,10.821203,0.0,0.0,0.0,0.0,11.219714,0.27444047,2,32,Winter,5,0.2926115625700716,0.4689825110005197,0.08820513619832795,0.2926115625700716,0.35794882295980823
2021-02-08,area_30.89N_75.95E,0.5434304398396227,22.559,5.6089997,13.072691,3.0,3.0,0.0,7.0,13.511085,0.21880952,2,39,Winter,6,0.2926115625700716,0.5434304398396227,0.10902701967202001,0.5434304398396227,0.44416588883230784
2021-02-15,area_30.89N_75.95E,0.5006477353554302,22.909,8.459001,15.160489,0.0,0.0,0.0,0.0,15.461381,0.20169048,2,46,Winter,7,0.2926115625700716,0.5434304398396227,0.11470784888285752,0.5006477353554302,0.45387263107345416
2021-02-22,area_30.89N_75.95E,0.3875585569365137,27.059,10.159,16.869417,0.0,0.0,0.0,0.0,17.035488,0.19054165,2,53,Winter,8,0.2926115625700716,0.5434304398396227,0.11332830481958406,0.3875585569365137,0.48462669429291916
2021-03-01,area_30.89N_75.95E,0.4031298891260755,28.909,10.009001,18.914953,0.0,0.0,0.0,0.0,19.517035,0.15834524,3,60,Summer,9,0.3875585569365137,0.5434304398396227,0.07547185303591786,0.4031298891260755,0.5319100022335573
2021-03-08,area_30.89N_75.95E,0.32925312128420736,29.609001,10.709001,20.525072,0.70000005,0.70000005,0.0,4.0,20.832514,0.15607142,3,67,Summer,10,0.32925312128420736,0.5006477353554302,0.07116575333966539,0.32925312128420736,0.42146486018986945
2021-03-15,area_30.89N_75.95E,0.4234297913100811,30.409,12.409,21.032808,0.0,0.0,0.0,0.0,21.944715,0.16752382,3,74,Summer,11,0.32925312128420736,0.4234297913100811,0.040484404096773306,0.4234297913100811,0.5104053971066769
2021-03-22,area_30.89N_75.95E,0.24097667985972557,31.159,14.009001,22.238165,2.2,2.2,0.0,4.0,22.911678,0.16713691,3,81,Summer,12,0.24097667985972557,0.4234297913100811,0.08272174205152384,0.24097667985972557,0.39511019550279003
2021-03-29,area_30.89N_75.95E,0.282283126367425,34.309002,13.159,23.336676,0.0,0.0,0.0,0.0,24.306025,0.15601191,3,88,Summer,13,0.24097667985972557,0.4234297913100811,0.07841444230054097,0.282283126367425,0.4528269187548837
2021-04-05,area_30.89N_75.95E,0.20592191847240934,32.859,12.609,23.384596,0.5,0.5,0.0,2.0,24.110487,0.14823808,4,95,Summer,14,0.20592191847240934,0.4234297913100811,0.09543203800738682,0.20592191847240934,0.35712748204369293
2021-04-12,area_30.89N_75.95E,0.14882656007426648,36.209,15.459001,25.617035,0.6,0.6,0.0,2.0,26.686678,0.1516488,4,102,Summer,15,0.14882656007426648,0.282283126367425,0.05651568551004803,0.14882656007426648,0.2259280881550742
2021-04-19,area_30.89N_75.95E,0.19942024777836992,37.809002,16.759,25.597393,16.800001,16.800001,0.0,17.0,27.138762,0.19022621,4,109,Summer,16,0.14882656007426648,0.282283126367425,0.0550528675562082,0.19942024777836992,0.24224317751522673
2021-04-26,area_30.89N_75.95E,0.14997348378648306,38.209,13.559,23.105131,25.5,25.5,0.0,27.0,24.559002,0.2262738,4,116,Summer,17,0.14882656007426648,0.20592191847240934,0.030873934738711653,0.14997348378648306,0.20700774448509696
2021-05-03,area_30.89N_75.95E,0.1483384905404026,40.059002,19.709,29.797094,0.0,0.0,0.0,0.0,31.270308,0.15097024,5,123,Summer,18,0.1483384905404026,0.19942024777836992,0.02519635634384876,0.1483384905404026,0.1945043074555446
2021-05-10,area_30.89N_75.95E,0.1706771929083303,37.059002,20.409,28.471498,0.8,0.8,0.0,3.0,30.669117,0.16217263,5,130,Summer,19,0.1483384905404026,0.19942024777836992,0.023823703170109168,0.1706771929083303,0.19622383648062572
2021-05-17,area_30.89N_75.95E,0.16740642811231615,37.809002,18.159,27.481617,6.5,6.5,0.0,9.0,29.19382,0.22245239,5,137,Summer,20,0.1483384905404026,0.1706771929083303,0.01157773038806391,0.16740642811231615,0.17320495242202372
2021-05-24,area_30.89N_75.95E,0.16864369485294228,37.759,19.859001,28.194118,0.0,0.0,0.0,0.0,30.238462,0.16610119,5,144,Summer,21,0.1483384905404026,0.1706771929083303,0.01037331927985887,0.16864369485294228,0.18959667710078199
2021-05-31,area_30.89N_75.95E,0.19329124046657312,41.009,20.959,31.729237,3.7000003,3.7000003,0.0,8.0,33.745605,0.15358333,5,151,Summer,22,0.16740642811231615,0.19329124046657312,0.012265412100825903,0.19329124046657312,0.18007967982419856
2021-06-07,area_30.89N_75.95E,0.13648476848291244,41.309002,23.609001,30.3965,9.0,9.0,0.0,12.0,32.34412,0.19398808,6,158,Monsoon,23,0.13648476848291244,0.19329124046657312,0.023267245724262593,0.13648476848291244,0.1541072821511894
2021-06-14,area_30.89N_75.95E,0.13648476848291244,42.759,24.309,32.26227,11.9,11.9,0.0,11.0,34.53013,0.1714762,6,165,Monsoon,24,0.13648476848291244,0.19329124046657312,0.02848588337311239,0.13648476848291244,0.15393174293948328
2021-06-21,area_30.89N_75.95E,0.21360119016460746,38.009,23.359001,29.158403,34.3,34.3,0.0,15.0,31.039654,0.27056548,6,172,Monsoon,25,0.13648476848291244,0.21360119016460746,0.039971681244259316,0.21360119016460746,0.19028342359618508
2021-06-28,area_30.89N_75.95E,0.17496322709691192,39.859,23.909,31.292927,7.3,7.3,0.0,1.0,32.730724,0.18792857,6,179,Monsoon,26,0.13648476848291244,0.21360119016460746,0.038558238333545096,0.17496322709691192,0.16785670729743662
2021-07-05,area_30.89N_75.95E,0.22436938559237044,40.909,26.309,32.844715,0.5,0.5,0.0,1.0,34.050667,0.16804168,7,186,Monsoon,27,0.17496322709691192,0.22436938559237044,0.02598016782108157,0.22436938559237044,0.19502346604859475
2021-07-12,area_30.89N_75.95E,0.2914628744296346,39.159,25.209,31.364655,27.1,27.1,0.0,43.0,32.803047,0.21002379,7,193,Monsoon,28,0.17496322709691192,0.2914628744296346,0.04846473001890218,0.2914628744296346,0.2914628744296346
2021-07-19,area_30.89N_75.95E,0.2914628744296346,36.809002,25.159,29.270605,18.0,18.0,0.0,42.0,30.54888,0.29381546,7,200,Monsoon,29,0.17496322709691192,0.2914628744296346,0.058473174148896544,0.2914628744296346,0.2914628744296346
2021-07-26,area_30.89N_75.95E,0.2914628744296346,34.209,24.859001,28.942333,23.5,23.5,0.0,69.0,29.859892,0.3323988,7,207,Monsoon,30,0.22436938559237044,0.2914628744296346,0.0474422609302929,0.2914628744296346,0.37705952044182794
2021-08-02,area_30.89N_75.95E,0.42719411548695385,32.609,24.609001,27.594713,60.399998,60.399998,0.0,72.0,28.492035,0.39300594,8,214,Monsoon,31,0.2914628744296346,0.42719411548695385,0.09597648097049591,0.42719411548695385,0.42791683617114284
2021-08-09,area_30.89N_75.95E,0.10396617021901405,33.259,24.959,28.877748,4.9,4.9,0.0,27.0,30.219713,0.33713096,8,221,Monsoon,32,0.10396617021901405,0.42719411548695385,0.22855667196795434,0.10396617021901405,0.331947978339332
2021-08-16,area_30.89N_75.95E,0.6179283528153592,34.259,24.959,29.53757,4.5,4.5,0.0,16.0,31.107807,0.24380358,8,228,Monsoon,33,0.10396617021901405,0.6179283528153592,0.25981178412797895,0.6179283528153592,0.5015962877203266
2021-08-23,area_30.89N_75.95E,0.5089130372640409,34.709,24.409,28.345608,83.299995,83.299995,0.0,52.0,29.70156,0.29027382,8,235,Monsoon,34,0.10396617021901405,0.6179283528153592,0.22127608421783238,0.5089130372640409,0.5569033340826247
2021-08-30,area_30.89N_75.95E,0.3631813793229887,34.009,24.759,28.85513,7.0,7.0,0.0,26.0,30.289059,0.29109526,8,242,Monsoon,35,0.10396617021901405,0.6179283528153592,0.22236413277814576,0.3631813793229887,0.3439385280613708
2021-09-06,area_30.89N_75.95E,0.3631813793229887,32.759,24.159,27.959595,8.6,8.6,0.0,37.0,29.601854,0.2609345,9,249,Post-Monsoon,36,0.3631813793229887,0.6179283528153592,0.12781371578363787,0.3631813793229887,0.3439385280613708
2021-09-13,area_30.89N_75.95E,0.3666372381821004,32.109,23.509,27.58906,23.7,23.7,0.0,34.0,28.500072,0.28489882,9,256,Post-Monsoon,37,0.3631813793229887,0.5089130372640409,0.08315854545295415,0.3666372381821004,0.3904687659492854
2021-09-20,area_30.89N_75.95E,0.5254605011400402,33.609,22.959,28.041441,23.8,23.8,0.0,38.0,29.445011,0.26507738,9,263,Post-Monsoon,38,0.3631813793229887,0.5254605011400402,0.09271037805515087,0.5254605011400402,0.48673212178615954
2021-09-27,area_30.89N_75.95E,0.4109274912779891,32.609,22.659,26.86495,23.8,23.8,0.0,32.0,28.092037,0.33301786,9,270,Post-Monsoon,39,0.3666372381821004,0.5254605011400402,0.0819596096907546,0.4109274912779891,0.29147667924196136
2021-10-04,area_30.89N_75.95E,0.4015407113426129,33.009,23.959,27.944414,2.1000001,2.1000001,0.0,15.0,29.52418,0.2395595,10,277,Post-Monsoon,40,0.3666372381821004,0.5254605011400402,0.06890013552455541,0.4015407113426129,0.4349714947242884
2021-10-11,area_30.89N_75.95E,0.39260345415801984,34.709,20.759,27.361677,0.0,0.0,0.0,0.0,28.907808,0.1950357,10,284,Post-Monsoon,41,0.39260345415801984,0.5254605011400402,0.0623355677791541,0.39260345415801984,0.4114299366584082
2021-10-18,area_30.89N_75.95E,0.2847816245497869,32.659,17.759,23.754238,11.1,11.1,0.0,24.0,24.885191,0.23426786,10,291,Post-Monsoon,42,0.2847816245497869,0.4109274912779891,0.05893129298972036,0.2847816245497869,0.3197292435872478
2021-10-25,area_30.89N_75.95E,0.2793207160789474,31.109001,14.459001,21.432512,45.300003,45.300003,0.0,20.0,22.530725,0.3089345,10,298,Post-Monsoon,43,0.2793207160789474,0.4015407113426129,0.06654486792446491,0.2793207160789474,0.23750115690235632
2021-11-01,area_30.89N_75.95E,0.19684030104303693,27.109001,12.559,19.35007,0.4,0.4,0.0,2.0,20.400072,0.29638693,11,305,Post-Monsoon,44,0.19684030104303693,0.39260345415801984,0.0802850414513918,0.19684030104303693,0.24150663669264544
2021-11-08,area_30.89N_75.95E,0.20086772127112018,27.209,11.709001,18.75781,0.0,0.0,0.0,0.0,19.7093,0.2411726,11,312,Post-Monsoon,45,0.19684030104303693,0.2847816245497869,0.04811371290790679,0.20086772127112018,0.17558177905515052
2021-11-15,area_30.89N_75.95E,0.11619485451791298,27.009,10.759001,17.685787,0.0,0.0,0.0,0.0,18.259596,0.20195241,11,319,Post-Monsoon,46,0.11619485451791298,0.2793207160789474,0.06661915421006899,0.11619485451791298,0.09810887064308318
2021-11-22,area_30.89N_75.95E,0.14807581192134328,24.509,8.209001,15.432216,0.0,0.0,0.0,0.0,16.197096,0.18361309,11,326,Post-Monsoon,47,0.11619485451791298,0.20086772127112018,0.04069270927757511,0.14807581192134328,0.18499374188191284
2021-11-29,area_30.89N_75.95E,0.1954740117778894,24.659,8.159,15.646501,0.0,0.0,0.0,0.0,16.378345,0.17439881,11,333,Post-Monsoon,48,0.11619485451791298,0.20086772127112018,0.040346149888136285,0.1954740117778894,0.22705943633039882
2021-12-06,area_30.89N_75.95E,0.2353472128514838,23.859001,8.959001,15.552752,1.1,1.1,0.0,2.0,16.289356,0.21361908,12,340,Winter,49,0.11619485451791298,0.2353472128514838,0.0524019907788729,0.2353472128514838,0.2295135020437681
2021-12-13,area_30.89N_75.95E,0.14169147548866878,21.709,5.909,13.339952,0.0,0.0,0.0,0.0,14.218228,0.20567858,12,347,Winter,50,0.14169147548866878,0.2353472128514838,0.043929372326653844,0.14169147548866878,0.20597967471429146
2021-12-20,area_30.89N_75.95E,0.22960910918600788,19.009,1.909,9.737274,0.0,0.0,0.0,0.0,10.771203,0.22105952,12,354,Winter,51,0.14169147548866878,0.2353472128514838,0.042993673505728636,0.22960910918600788,0.31389753478652516
2021-12-27,area_30.89N_75.95E,0.22960910918600788,19.609001,4.559,11.499179,0.2,0.2,0.0,1.0,11.807214,0.21741073,12,361,Winter,52,0.14169147548866878,0.2353472128514838,0.05249417950209324,0.22960910918600788,0.18809079125888375
2022-01-03,area_30.89N_75.95E,0.22960910918600788,19.509,4.159,10.742333,0.90000004,0.90000004,0.0,3.0,11.325667,0.19555357,1,3,Winter,1,0.14169147548866878,0.22960910918600788,0.06216715497326372,0.22960910918600788,0.3260711000993601
2022-01-10,area_30.89N_75.95E,0.22960910918600788,18.059,6.6089997,12.552751,130.8,130.8,0.0,72.0,13.038168,0.37830952,1,10,Winter,2,0.22960910918600788,0.22960910918600788,0.0,0.22960910918600788,0.3974884156072682
2022-01-17,area_30.89N_75.95E,0.22960910918600788,17.059,5.059,9.864059,0.0,0.0,0.0,0.0,11.271798,0.3514583,1,17,Winter,3,0.22960910918600788,0.22960910918600788,0.0,0.22960910918600788,0.4689825110005197
2022-01-24,area_30.89N_75.95E,0.3799974753014517,17.009,5.559,11.296798,25.2,25.2,0.0,37.0,11.847394,0.36810118,1,24,Winter,4,0.3799974753014517,0.3799974753014517,0.0,0.3799974753014517,0.3573529154700783
2022-01-31,area_30.89N_75.95E,0.3799974753014517,18.909,4.409,10.699179,0.1,0.1,0.0,1.0,11.275666,0.33803573,1,31,Winter,5,0.3799974753014517,0.3799974753014517,0.0,0.3799974753014517,0.35794882295980823
2022-02-07,area_30.89N_75.95E,0.265664643049849,20.159,4.959,11.601263,31.200005,31.200005,0.0,32.0,12.02031,0.36989287,2,38,Winter,6,0.265664643049849,0.3799974753014517,0.0808455209973723,0.265664643049849,0.39954057738669313
2022-02-14,area_30.89N_75.95E,0.27473278694962333,21.209,5.3589997,12.691739,2.8000002,2.8000002,0.0,4.0,13.171799,0.2996607,2,45,Winter,7,0.265664643049849,0.3799974753014517,0.06355428437992688,0.27473278694962333,0.39415934969884386
2022-02-21,area_30.89N_75.95E,0.24471162274449432,23.959,6.709,14.63043,0.0,0.0,0.0,0.0,14.759892,0.21650001,2,52,Winter,8,0.24471162274449432,0.27473278694962333,0.015397676198780567,0.24471162274449432,0.42464792640581295
2022-02-28,area_30.89N_75.95E,0.41139186091998725,23.859001,6.909,15.4030485,8.5,8.5,0.0,16.0,16.290846,0.19335118,2,59,Winter,9,0.24471162274449432,0.41139186091998725,0.07589299315416748,0.41139186091998725,0.5017804669051649
2022-03-07,area_30.89N_75.95E,0.2836313011771258,28.059,10.259001,17.503643,8.6,8.6,0.0,5.0,18.350965,0.19578572,3,66,Summer,10,0.24471162274449432,0.41139186091998725,0.073754073417153,0.2836313011771258,0.38700647043668357
2022-03-14,area_30.89N_75.95E,0.2568446721028238,32.909,12.559,21.343225,0.0,0.0,0.0,0.0,21.829834,0.1582619,3,73,Summer,11,0.24471162274449432,0.41139186091998725,0.07657750526347562,0.2568446721028238,0.4470152158557136
2022-03-21,area_30.89N_75.95E,0.2670781909363378,34.959,16.159,25.645311,0.0,0.0,0.0,0.0,26.070309,0.16358928,3,80,Summer,12,0.2568446721028238,0.41139186091998725,0.07195501106291506,0.2670781909363378,0.36310219436117697
2022-03-28,area_30.89N_75.95E,0.19207450854028252,36.459,15.159,24.782213,0.0,0.0,0.0,0.0,25.008106,0.17885713,3,87,Summer,13,0.19207450854028252,0.2836313011771258,0.040103643436264456,0.19207450854028252,0.38763881620123336
2022-04-04,area_30.89N_75.95E,0.1602493568773077,37.909,16.759,26.688763,0.0,0.0,0.0,0.0,27.11376,0.14923215,4,94,Summer,14,0.1602493568773077,0.2670781909363378,0.05138202211288056,0.1602493568773077,0.30790795075209665
2022-04-11,area_30.89N_75.95E,0.17855979655448684,40.959,17.909,29.549774,0.0,0.0,0.0,0.0,29.788464,0.13983333,4,101,Summer,15,0.1602493568773077,0.2670781909363378,0.04690790464918381,0.17855979655448684,0.21013865762154507
2022-04-18,area_30.89N_75.95E,0.14861000889376694,41.009,18.959,29.852749,0.5,0.5,0.0,1.0,31.372988,0.14089881,4,108,Summer,16,0.14861000889376694,0.19207450854028252,0.019262197113189033,0.14861000889376694,0.21883488535986179
2022-04-25,area_30.89N_75.95E,0.1246318187814458,39.459,19.309,29.74501,0.0,0.0,0.0,0.0,31.309893,0.1380357,4,115,Summer,17,0.1246318187814458,0.17855979655448684,0.022582304671538503,0.1246318187814458,0.18641376305918417
2022-05-02,area_30.89N_75.95E,0.10991662935107992,42.859,20.959,32.503345,0.2,0.2,0.0,1.0,33.690548,0.13475595,5,122,Summer,18,0.10991662935107992,0.17855979655448684,0.030008011420279368,0.10991662935107992,0.17335738792942842
2022-05-09,area_30.89N_75.95E,0.10743096358687627,40.009,22.159,31.227749,0.5,0.5,0.0,2.0,33.13043,0.15802976,5,129,Summer,19,0.10743096358687627,0.14861000889376694,0.01889980102975418,0.10743096358687627,0.17402561825718837
2022-05-16,area_30.89N_75.95E,0.09765147642711519,45.059002,24.459,34.088764,0.0,0.0,0.0,0.0,35.87001,0.13735716,5,136,Summer,20,0.09765147642711519,0.1246318187814458,0.011152712572137773,0.09765147642711519,0.14802046042372088
2022-05-23,area_30.89N_75.95E,0.12628106859405222,43.959,19.059,31.548285,36.0,36.0,0.0,15.0,33.724773,0.18258333,5,143,Summer,21,0.09765147642711519,0.12628106859405222,0.011884954626933744,0.12628106859405222,0.17376777497409956
2022-05-30,area_30.89N_75.95E,0.12570276360908297,39.059002,19.659,30.572392,1.2,1.2,0.0,3.0,32.081917,0.22842263,5,150,Summer,22,0.09765147642711519,0.12628106859405222,0.014117619608156202,0.12570276360908297,0.16648545077041965
2022-06-06,area_30.89N_75.95E,0.11051306483065126,42.759,23.509,33.37269,0.0,0.0,0.0,0.0,33.8715,0.16222619,6,157,Monsoon,23,0.09765147642711519,0.12628106859405222,0.013698053525927942,0.11051306483065126,0.14320872782105487
2022-06-13,area_30.89N_75.95E,0.06841485697563167,42.959,26.459,35.251263,0.5,0.5,0.0,2.0,36.14174,0.14545238,6,164,Monsoon,24,0.06841485697563167,0.12628106859405222,0.027206545055729392,0.06841485697563167,0.12542611428486608
2022-06-20,area_30.89N_75.95E,0.10910449018297766,42.709,21.209,29.479832,19.5,19.5,0.0,22.0,31.291142,0.24935117,6,171,Monsoon,25,0.06841485697563167,0.12570276360908297,0.024525536544999525,0.10910449018297766,0.16998869024288324
2022-06-27,area_30.89N_75.95E,0.10910449018297766,37.359,21.459,29.870605,20.3,20.3,0.0,11.0,30.83757,0.27799407,6,178,Monsoon,26,0.06841485697563167,0.11051306483065126,0.023909166434971395,0.10910449018297766,0.16785670729743662
2022-07-04,area_30.89N_75.95E,0.16226542633996513,36.909,24.709,29.52358,65.9,65.9,0.0,56.0,30.721203,0.33116668,7,185,Monsoon,27,0.06841485697563167,0.16226542633996513,0.04706318581376411,0.16226542633996513,0.18683395612143733
2022-07-11,area_30.89N_75.95E,0.1894404474775821,34.859,24.159,29.434298,96.4,96.4,0.0,46.0,30.563463,0.38374403,7,192,Monsoon,28,0.10910449018297766,0.1894404474775821,0.04086243780735109,0.1894404474775821,0.24045166095360834
2022-07-18,area_30.89N_75.95E,0.2514507572724612,34.759,24.659,29.298283,45.5,45.5,0.0,26.0,30.251858,0.38650593,7,199,Monsoon,29,0.16226542633996513,0.2514507572724612,0.04571247741449754,0.2514507572724612,0.2514507572724612
2022-07-25,area_30.89N_75.95E,0.2514507572724612,33.209,24.209,28.219416,48.9,48.9,0.0,50.0,29.20751,0.3793631,7,206,Monsoon,30,0.16226542633996513,0.2514507572724612,0.04571247741449754,0.2514507572724612,0.37705952044182794
2022-08-01,area_30.89N_75.95E,0.2514507572724612,32.809002,23.959,27.065548,85.100006,85.100006,0.0,97.0,28.156916,0.39417264,8,213,Monsoon,31,0.1894404474775821,0.2514507572724612,0.04384791055943771,0.2514507572724612,0.42791683617114284
2022-08-08,area_30.89N_75.95E,0.3139657937223614,33.359,24.809,28.50989,26.3,26.3,0.0,38.0,29.666737,0.35859522,8,220,Monsoon,32,0.2514507572724612,0.3139657937223614,0.04420480619984858,0.3139657937223614,0.32595391680034175
2022-08-15,area_30.89N_75.95E,0.3139657937223614,34.559002,25.009,28.791142,11.200001,11.200001,0.0,14.0,29.750963,0.33483335,8,227,Monsoon,33,0.3139657937223614,0.3139657937223614,0.0,0.3139657937223614,0.5015962877203266
2022-08-22,area_30.89N_75.95E,0.43063752248311277,34.059002,24.509,28.71287,3.6000001,3.6000001,0.0,15.0,30.07269,0.2922381,8,234,Monsoon,34,0.3139657937223614,0.43063752248311277,0.08249937057948471,0.43063752248311277,0.5253368811827467
2022-08-29,area_30.89N_75.95E,0.32453116030824225,32.859,23.609001,28.346203,28.7,28.7,0.0,32.0,30.00632,0.25581548,8,241,Monsoon,35,0.3139657937223614,0.43063752248311277,0.0645270994196768,0.32453116030824225,0.3374694054769946
2022-09-05,area_30.89N_75.95E,0.3586781002253368,34.059002,24.159,28.976261,2.4,2.4,0.0,9.0,30.774475,0.21177976,9,248,Post-Monsoon,36,0.32453116030824225,0.43063752248311277,0.05416445952122617,0.3586781002253368,0.3586781002253368
2022-09-12,area_30.89N_75.95E,0.39314425798948,34.109,23.459,28.74382,5.3999996,5.3999996,0.0,8.0,30.890844,0.17377381,9,255,Post-Monsoon,37,0.32453116030824225,0.43063752248311277,0.045555963877947823,0.39314425798948,0.39113763895933407
2022-09-19,area_30.89N_75.95E,0.30275997982272934,34.709,22.709,28.29918,6.7999997,6.7999997,0.0,12.0,30.508701,0.1762143,9,262,Post-Monsoon,38,0.30275997982272934,0.39314425798948,0.0396146279158736,0.30275997982272934,0.440739086295302
2022-09-26,area_30.89N_75.95E,0.24213085699364495,30.309,20.559,25.355726,162.70001,162.70001,0.0,53.0,26.732214,0.38691664,9,269,Post-Monsoon,39,0.24213085699364495,0.39314425798948,0.06617418157179837,0.24213085699364495,0.2791402236798822
2022-10-03,area_30.89N_75.95E,0.310866310644522,32.559002,20.759,26.319118,0.0,0.0,0.0,0.0,27.507511,0.31922024,10,276,Post-Monsoon,40,0.24213085699364495,0.39314425798948,0.06205521154743405,0.310866310644522,0.4039451987043468
2022-10-10,area_30.89N_75.95E,0.26135857096963305,32.109,18.609001,24.137272,37.699997,37.699997,0.0,32.0,25.959894,0.27771428,10,283,Post-Monsoon,41,0.24213085699364495,0.310866310644522,0.03291524931609544,0.26135857096963305,0.37391209523621444
2022-10-17,area_30.89N_75.95E,0.2442157954855043,30.559,16.659,23.161085,0.5,0.5,0.0,1.0,23.971798,0.30029765,10,290,Post-Monsoon,42,0.24213085699364495,0.310866310644522,0.031997131058668665,0.2442157954855043,0.3008508815618119
2022-10-24,area_30.89N_75.95E,0.16911158858483477,30.509,14.109,21.358404,0.2,0.2,0.0,1.0,22.69412,0.24189882,10,297,Post-Monsoon,43,0.16911158858483477,0.310866310644522,0.058759205725200596,0.16911158858483477,0.22040376482297594
2022-10-31,area_30.89N_75.95E,0.1407010671284345,30.209,14.659,21.809893,0.0,0.0,0.0,0.0,22.336084,0.2128036,10,304,Post-Monsoon,44,0.1407010671284345,0.26135857096963305,0.058112471663455144,0.1407010671284345,0.2079047801712418
2022-11-07,area_30.89N_75.95E,0.13241322852471357,29.259,14.409,21.567036,5.0,5.0,0.0,3.0,22.515844,0.24086311,11,311,Post-Monsoon,45,0.13241322852471357,0.2442157954855043,0.0508907084588196,0.13241322852471357,0.1647896414225413
2022-11-14,area_30.89N_75.95E,0.14275858792317234,26.609001,10.809,17.97269,10.8,10.8,0.0,8.0,19.196201,0.29905358,11,318,Post-Monsoon,46,0.13241322852471357,0.16911158858483477,0.015885937507813582,0.14275858792317234,0.11299210973644624
2022-11-21,area_30.89N_75.95E,0.13240477445851037,23.959,8.959001,15.840251,0.0,0.0,0.0,0.0,17.288761,0.23094642,11,325,Post-Monsoon,47,0.13240477445851037,0.14275858792317234,0.005446544152202775,0.13240477445851037,0.17184650002606222
2022-11-28,area_30.89N_75.95E,0.11612303176841783,24.609001,8.559,15.4994755,0.0,0.0,0.0,0.0,16.129833,0.17725596,11,332,Post-Monsoon,48,0.11612303176841783,0.14275858792317234,0.011008127652155772,0.11612303176841783,0.19932533518990359
2022-12-05,area_30.89N_75.95E,0.1742164877715305,23.309,8.409,14.957215,0.0,0.0,0.0,0.0,15.833703,0.16369642,12,339,Winter,49,0.11612303176841783,0.1742164877715305,0.02448540026455501,0.1742164877715305,0.21568924847570872
2022-12-12,area_30.89N_75.95E,0.13189133127802025,24.359001,7.459,14.745012,0.0,0.0,0.0,0.0,15.374179,0.16692857,12,346,Winter,50,0.11612303176841783,0.1742164877715305,0.024880524363288765,0.13189133127802025,0.18745758885522365
2022-12-19,area_30.89N_75.95E,0.13189133127802025,21.659,5.8589997,12.655726,0.0,0.0,0.0,0.0,13.336977,0.18241666,12,353,Winter,51,0.11612303176841783,0.1742164877715305,0.030041381936728256,0.13189133127802025,0.31389753478652516
2022-12-26,area_30.89N_75.95E,0.23846837389535497,18.809,4.6089997,10.018524,0.0,0.0,0.0,0.0,11.30275,0.23330358,12,360,Winter,52,0.13189133127802025,0.23846837389535497,0.05366313097420218,0.23846837389535497,0.21327958257711938
2023-01-02,area_30.89N_75.95E,0.23846837389535497,18.109001,4.059,10.223882,0.2,0.2,0.0,2.0,11.074477,0.26007143,1,2,Winter,1,0.13189133127802025,0.23846837389535497,0.07536134955352515,0.23846837389535497,0.3260711000993601
2023-01-09,area_30.89N_75.95E,0.23846837389535497,15.909,4.409,8.966143,0.0,0.0,0.0,0.0,10.171798,0.28227383,1,9,Winter,2,0.23846837389535497,0.23846837389535497,0.0,0.23846837389535497,0.3974884156072682
2023-01-16,area_30.89N_75.95E,0.22279507295521678,18.309,1.459,10.041143,8.1,8.1,0.0,14.0,11.125368,0.3504881,1,16,Winter,3,0.22279507295521678,0.23846837389535497,0.011082697378349764,0.22279507295521678,0.34588879197786826
2023-01-23,area_30.89N_75.95E,0.2559861518127415,20.159,1.959,11.253047,17.3,17.3,0.0,12.0,11.792036,0.2998214,1,23,Winter,4,0.22279507295521678,0.2559861518127415,0.023469636935053426,0.2559861518127415,0.33707956273861095
2023-01-30,area_30.89N_75.95E,0.2593171224811435,18.759,5.009,12.144715,18.800001,18.800001,0.0,26.0,12.655726,0.36457738,1,30,Winter,5,0.22279507295521678,0.2593171224811435,0.02019324632517211,0.2593171224811435,0.33329089784014204
2023-02-06,area_30.89N_75.95E,0.20952740217580243,21.959,6.309,13.178942,0.0,0.0,0.0,0.0,13.6393585,0.29435715,2,37,Winter,6,0.20952740217580243,0.2593171224811435,0.024596859448442594,0.20952740217580243,0.361537942344515
2023-02-13,area_30.89N_75.95E,0.37877752769878265,23.459,5.709,14.07775,3.0,3.0,0.0,3.0,14.2051325,0.24122025,2,44,Winter,7,0.20952740217580243,0.37877752769878265,0.07225109135727054,0.37877752769878265,0.39031389419882856
2023-02-20,area_30.89N_75.95E,0.24361728766114105,28.159,8.609,17.799477,0.0,0.0,0.0,0.0,17.327154,0.19492264,2,51,Winter,8,0.20952740217580243,0.37877752769878265,0.07363893062617706,0.24361728766114105,0.38844179865687856
2023-02-27,area_30.89N_75.95E,0.27892469356014166,27.159,9.009001,17.477156,2.2,2.2,0.0,6.0,17.56882,0.18814883,2,58,Winter,9,0.20952740217580243,0.37877752769878265,0.07309195191520726,0.27892469356014166,0.45720931223616024
2023-03-06,area_30.89N_75.95E,0.3795318922608046,27.659,11.009001,19.166143,0.4,0.4,0.0,1.0,19.222393,0.23494644,3,65,Summer,10,0.24361728766114105,0.3795318922608046,0.06957049729329634,0.3795318922608046,0.3855115548015077
2023-03-13,area_30.89N_75.95E,0.24662859843669374,29.359001,12.159,20.765844,1.4,1.4,0.0,2.0,20.922989,0.21113692,3,72,Summer,11,0.24361728766114105,0.3795318922608046,0.06361118373060282,0.24662859843669374,0.40693789237190964
2023-03-20,area_30.89N_75.95E,0.24662859843669374,29.859001,12.459001,19.219418,30.9,30.9,0.0,32.0,20.159893,0.28062502,3,79,Summer,12,0.24662859843669374,0.3795318922608046,0.06931586121987213,0.24662859843669374,0.36310219436117697
2023-03-27,area_30.89N_75.95E,0.2082047891898612,26.409,11.809,18.598286,37.0,37.0,0.0,18.0,19.678345,0.34324405,3,86,Summer,13,0.2082047891898612,0.3795318922608046,0.08990054771154683,0.2082047891898612,0.35175201079895896
2023-04-03,area_30.89N_75.95E,0.2075887477408804,28.609001,12.759001,19.418226,19.5,19.5,0.0,41.0,20.131916,0.3580595,4,93,Summer,14,0.2075887477408804,0.24662859843669374,0.022363953759176262,0.2075887477408804,0.2878441101498534
2023-04-10,area_30.89N_75.95E,0.16733371519410742,33.559002,11.859,21.879536,0.0,0.0,0.0,0.0,21.835785,0.26953572,4,100,Summer,15,0.16733371519410742,0.2082047891898612,0.02342111526655406,0.16733371519410742,0.19943742201468567
2023-04-17,area_30.89N_75.95E,0.1433439189655743,37.709,17.159,27.572691,0.0,0.0,0.0,0.0,26.704237,0.18496428,4,107,Summer,16,0.1433439189655743,0.2082047891898612,0.03188669089615359,0.1433439189655743,0.20373669208100428
2023-04-24,area_30.89N_75.95E,0.16825431525540369,33.009,15.759001,24.350666,9.3,9.3,0.0,9.0,25.80394,0.1718869,4,114,Summer,17,0.1433439189655743,0.2075887477408804,0.026601924929631274,0.16825431525540369,0.18278187349842806
2023-05-01,area_30.89N_75.95E,0.153744212046529,34.159,17.909,24.277155,26.5,26.5,0.0,27.0,25.834595,0.18192856,5,121,Summer,18,0.1433439189655743,0.16825431525540369,0.0119033239684559,0.153744212046529,0.16943475275284853
2023-05-08,area_30.89N_75.95E,0.1316991539925288,34.259,16.609001,24.591738,19.800001,19.800001,0.0,11.0,25.352451,0.2850714,5,128,Summer,19,0.1316991539925288,0.16825431525540369,0.01553786231933485,0.1316991539925288,0.16556032540425644
2023-05-15,area_30.89N_75.95E,0.11470293306241014,38.359,17.659,28.669712,0.0,0.0,0.0,0.0,28.66257,0.18205953,5,135,Summer,20,0.11470293306241014,0.16825431525540369,0.023653137600349813,0.11470293306241014,0.1396910785833932
2023-05-22,area_30.89N_75.95E,0.13474909506560512,42.059002,19.759,30.132809,6.0,6.0,0.0,6.0,30.605726,0.16711906,5,142,Summer,21,0.11470293306241014,0.153744212046529,0.015997507086919587,0.13474909506560512,0.16596403899240067
2023-05-29,area_30.89N_75.95E,0.18628739510924516,34.259,20.109001,26.643524,28.6,28.6,0.0,20.0,28.115845,0.2485238,5,149,Summer,22,0.11470293306241014,0.18628739510924516,0.030903653942068163,0.18628739510924516,0.17044583963818477
2023-06-05,area_30.89N_75.95E,0.16369102881801828,35.909,18.259,26.103346,48.800003,48.800003,0.0,28.0,27.209595,0.30804762,6,156,Monsoon,23,0.11470293306241014,0.18628739510924516,0.031530996672109325,0.16369102881801828,0.14730518802044754
2023-06-12,area_30.89N_75.95E,0.15815188355042262,39.909,23.059,30.46406,2.4,2.4,0.0,6.0,30.892035,0.20644046,6,163,Monsoon,24,0.13474909506560512,0.18628739510924516,0.021162874962463444,0.15815188355042262,0.13360755660125523
2023-06-19,area_30.89N_75.95E,0.1361888736678935,38.609,24.259,31.024475,3.1999998,3.1999998,0.0,5.0,32.247395,0.19439285,6,170,Monsoon,25,0.1361888736678935,0.18628739510924516,0.020578081183124347,0.1361888736678935,0.1632287269278853
2023-06-26,area_30.89N_75.95E,0.14587222293839747,38.709,24.159,30.997091,23.0,23.0,0.0,25.0,32.818817,0.2255238,6,177,Monsoon,26,0.1361888736678935,0.16369102881801828,0.012354120878321995,0.14587222293839747,0.16236058620767682
2023-07-03,area_30.89N_75.95E,0.14587222293839747,35.809002,24.159,29.608107,48.0,48.0,0.0,27.0,30.766144,0.35801193,7,184,Monsoon,27,0.1361888736678935,0.15815188355042262,0.011007051686241243,0.14587222293839747,0.18683395612143733
2023-07-10,area_30.89N_75.95E,0.18838757539486742,33.359,23.409,27.086084,108.600006,108.600006,0.0,66.0,27.797092,0.41204166,7,191,Monsoon,28,0.1361888736678935,0.18838757539486742,0.027766967514099558,0.18838757539486742,0.22309696576736138
2023-07-17,area_30.89N_75.95E,0.2740229080550067,33.909,24.259,28.857512,19.3,19.3,0.0,37.0,29.691738,0.35639286,7,198,Monsoon,29,0.14587222293839747,0.2740229080550067,0.06527322510055605,0.2740229080550067,0.26273683266373393
2023-07-24,area_30.89N_75.95E,0.2740229080550067,34.809002,25.959,29.540546,30.5,30.5,0.0,23.0,30.034594,0.37742263,7,205,Monsoon,30,0.18838757539486742,0.2740229080550067,0.06055332443315092,0.2740229080550067,0.37705952044182794
2023-07-31,area_30.89N_75.95E,0.2740229080550067,34.009,24.709,28.51525,34.5,34.5,0.0,34.0,29.52537,0.3760119,7,212,Monsoon,31,0.18838757539486742,0.2740229080550067,0.06055332443315092,0.2740229080550067,0.42791683617114284
2023-08-07,area_30.89N_75.95E,0.2740229080550067,34.259,24.309,29.153341,31.899998,31.899998,0.0,46.0,30.287273,0.3555536,8,219,Monsoon,32,0.2740229080550067,0.2740229080550067,0.0,0.2740229080550067,0.32595391680034175
2023-08-14,area_30.89N_75.95E,0.43042303667638565,33.759,24.609001,28.865845,41.0,41.0,0.0,56.0,29.92864,0.3640595,8,226,Monsoon,33,0.43042303667638565,0.43042303667638565,0.0,0.43042303667638565,0.47787187070567966
2023-08-21,area_30.89N_75.95E,0.20037888582853078,35.359,25.359001,29.77894,5.7000003,5.7000003,0.0,14.0,30.849474,0.3204405,8,233,Monsoon,34,0.20037888582853078,0.43042303667638565,0.16266577903681922,0.20037888582853078,0.4603452821119035
2023-08-28,area_30.89N_75.95E,0.33258614252780233,33.209,21.809,27.91257,19.3,19.3,0.0,28.0,29.48757,0.31241074,8,240,Monsoon,35,0.20037888582853078,0.43042303667638565,0.11544921532857264,0.33258614252780233,0.3362485897396965
2023-09-04,area_30.89N_75.95E,0.3009578778467335,35.409,23.959,29.477749,0.0,0.0,0.0,0.0,30.34531,0.23674999,9,247,Post-Monsoon,36,0.20037888582853078,0.43042303667638565,0.09480191455205395,0.3009578778467335,0.32981798903603515
2023-09-11,area_30.89N_75.95E,0.3854346270820694,35.909,24.009,29.047394,9.0,9.0,0.0,8.0,30.534891,0.20456548,9,254,Post-Monsoon,37,0.20037888582853078,0.3854346270820694,0.07787283990478192,0.3854346270820694,0.38999703658388113
2023-09-18,area_30.89N_75.95E,0.41897608231341477,33.709,24.009,28.019117,56.600002,56.600002,0.0,40.0,29.276855,0.29600596,9,261,Post-Monsoon,38,0.3009578778467335,0.41897608231341477,0.052793763921923635,0.41897608231341477,0.4363864854989245
2023-09-25,area_30.89N_75.95E,0.3168861033360273,33.309002,21.759,27.446201,3.1,3.1,0.0,4.0,28.73251,0.27030358,9,268,Post-Monsoon,39,0.3009578778467335,0.41897608231341477,0.05594984305053089,0.3168861033360273,0.28668939961111123
2023-10-02,area_30.89N_75.95E,0.27772073820215715,33.109,18.059,25.759892,0.0,0.0,0.0,0.0,26.905428,0.2163869,10,275,Post-Monsoon,40,0.27772073820215715,0.41897608231341477,0.06411940232754224,0.27772073820215715,0.37870030660390885
2023-10-09,area_30.89N_75.95E,0.08148871449081208,34.259,18.609001,26.322987,0.0,0.0,0.0,0.0,26.947985,0.18757738,10,282,Post-Monsoon,41,0.08148871449081208,0.41897608231341477,0.1413406119740792,0.08148871449081208,0.31542741908713395
2023-10-16,area_30.89N_75.95E,0.2520022523229303,31.909,16.109001,23.211975,19.500002,19.500002,0.0,9.0,24.62894,0.22485712,10,289,Post-Monsoon,42,0.08148871449081208,0.3168861033360273,0.10384246275540808,0.2520022523229303,0.2910811557140356
2023-10-23,area_30.89N_75.95E,0.19132501434393007,29.509,15.059,21.105131,0.0,0.0,0.0,0.0,22.5215,0.22753572,10,296,Post-Monsoon,43,0.08148871449081208,0.27772073820215715,0.08729894773371481,0.19132501434393007,0.21458801472716676
2023-10-30,area_30.89N_75.95E,0.1294519144203351,29.909,14.509001,22.20156,0.0,0.0,0.0,0.0,22.698584,0.19120835,10,303,Post-Monsoon,44,0.08148871449081208,0.2520022523229303,0.07414397082696855,0.1294519144203351,0.18829156373351513
2023-11-06,area_30.89N_75.95E,0.1294519144203351,29.559,14.209001,21.289059,0.0,0.0,0.0,0.0,22.192335,0.18093452,11,310,Post-Monsoon,45,0.1294519144203351,0.2520022523229303,0.06127614139145796,0.1294519144203351,0.1647896414225413
2023-11-13,area_30.89N_75.95E,0.13842502401688447,29.059,11.709001,18.57775,18.0,18.0,0.0,9.0,19.855429,0.21108332,11,317,Post-Monsoon,46,0.1294519144203351,0.19132501434393007,0.03343452847628337,0.13842502401688447,0.1193503383065558
2023-11-20,area_30.89N_75.95E,0.12414635755867383,27.209,12.159,18.397394,0.0,0.0,0.0,0.0,19.29025,0.17531547,11,324,Post-Monsoon,47,0.12414635755867383,0.13842502401688447,0.007217408875638754,0.12414635755867383,0.16230647153258454
2023-11-27,area_30.89N_75.95E,0.1333939975413211,25.459,10.359,17.077454,1.3000001,1.3000001,0.0,4.0,17.761679,0.16390479,11,331,Post-Monsoon,48,0.12414635755867383,0.13842502401688447,0.007242356758120504,0.1333939975413211,0.1861390676601871
2023-12-04,area_30.89N_75.95E,0.16956808452031216,24.709,10.459001,16.139654,0.4,0.4,0.0,1.0,17.141739,0.2318631,12,338,Winter,49,0.12414635755867383,0.16956808452031216,0.019698346916540915,0.16956808452031216,0.2064650156846294
2023-12-11,area_30.89N_75.95E,0.15721261089099173,23.309,7.259,14.067632,0.0,0.0,0.0,0.0,15.086084,0.2055893,12,345,Winter,50,0.12414635755867383,0.16956808452031216,0.020957452680237878,0.15721261089099173,0.1814085932623773
2023-12-18,area_30.89N_75.95E,0.18281991404862408,21.109001,5.309,12.549478,0.0,0.0,0.0,0.0,13.368228,0.1966488,12,352,Winter,51,0.1333939975413211,0.18281991404862408,0.021021447029781308,0.18281991404862408,0.27020499454055813
2023-12-25,area_30.89N_75.95E,0.16015062120017265,22.109001,5.309,13.001262,0.0,0.0,0.0,0.0,13.138466,0.1773393,12,359,Winter,52,0.15721261089099173,0.18281991404862408,0.01152974431514381,0.16015062120017265,0.1955699287848038
2024-01-01,area_30.89N_75.95E,0.16015062120017265,21.109001,4.8589997,10.980727,0.0,0.0,0.0,0.0,12.417036,0.20376785,1,1,Winter,1,0.15721261089099173,0.18281991404862408,0.014013462086107495,0.16015062120017265,0.3260711000993601
2024-01-08,area_30.89N_75.95E,0.16015062120017265,16.109001,3.309,8.049476,0.0,0.0,0.0,0.0,10.088762,0.21920238,1,8,Winter,2,0.16015062120017265,0.18281991404862408,0.016029610697844122,0.16015062120017265,0.3974884156072682
2024-01-15,area_30.89N_75.95E,0.16015062120017265,15.709001,3.2089999,7.86525,0.0,0.0,0.0,0.0,9.137571,0.24136902,1,15,Winter,3,0.16015062120017265,0.16015062120017265,0.0,0.16015062120017265,0.34588879197786826
2024-01-22,area_30.89N_75.95E,0.20588901582230693,16.759,2.2089999,8.7494755,0.0,0.0,0.0,0.0,9.948286,0.2556131,1,22,Winter,4,0.20588901582230693,0.20588901582230693,0.0,0.20588901582230693,0.3152144715858936
2024-01-29,area_30.89N_75.95E,0.20221456178015693,19.909,2.9589999,10.747393,0.0,0.0,0.0,0.0,11.072393,0.2553393,1,29,Winter,5,0.20221456178015693,0.20588901582230693,0.0025982313703625847,0.20221456178015693,0.307075630628145
2024-02-05,area_30.89N_75.95E,0.2531341540094991,17.509,4.959,11.812274,29.6,29.6,0.0,35.0,12.445608,0.33959526,2,36,Winter,6,0.20221456178015693,0.2531341540094991,0.028397211035702214,0.2531341540094991,0.343470644288679
2024-02-12,area_30.89N_75.95E,0.25657064408135816,21.309,3.2589998,11.821501,0.0,0.0,0.0,0.0,12.157811,0.27451786,2,43,Winter,7,0.20221456178015693,0.25657064408135816,0.029401573310758468,0.25657064408135816,0.3635652441753345
2024-02-19,area_30.89N_75.95E,0.2544951382157622,24.209,6.759,15.672393,7.6,7.6,0.0,12.0,15.309298,0.21872023,2,50,Winter,8,0.20221456178015693,0.25657064408135816,0.026297364720630635,0.2544951382157622,0.36611735525002587
2024-02-26,area_30.89N_75.95E,0.36044240057261384,22.509,5.009,13.858405,0.0,0.0,0.0,0.0,14.777156,0.23297024,2,57,Winter,9,0.2531341540094991,0.36044240057261384,0.052873428616967186,0.36044240057261384,0.44108149362556914
2024-03-04,area_30.89N_75.95E,0.2796596144097428,24.959,5.009,15.000964,18.1,18.1,0.0,20.0,15.787274,0.24728572,3,64,Summer,10,0.2544951382157622,0.36044240057261384,0.04975831745821244,0.2796596144097428,0.3678695647362136
2024-03-11,area_30.89N_75.95E,0.26674590623379807,26.609001,4.909,16.26882,0.0,0.0,0.0,0.0,16.596203,0.21805356,3,71,Summer,11,0.2544951382157622,0.36044240057261384,0.04785377904837997,0.26674590623379807,0.383572561348891
2024-03-18,area_30.89N_75.95E,0.3545177902349267,29.509,10.309,18.771204,0.90000004,0.90000004,0.0,2.0,18.998285,0.17844047,3,78,Summer,12,0.26674590623379807,0.36044240057261384,0.049002046357872,0.3545177902349267,0.36138531353592696
2024-03-25,area_30.89N_75.95E,0.3545177902349267,30.909,13.059,22.488169,1.8000001,1.8000001,0.0,5.0,22.376263,0.19118452,3,85,Summer,13,0.26674590623379807,0.3545177902349267,0.047389193507653846,0.3545177902349267,0.35175201079895896
2024-04-01,area_30.89N_75.95E,0.22258403441534416,34.259,13.209001,23.631618,2.9999998,2.9999998,0.0,6.0,23.686678,0.21154763,4,92,Summer,14,0.22258403441534416,0.3545177902349267,0.06715739034571247,0.22258403441534416,0.2769674308607685
2024-04-08,area_30.89N_75.95E,0.26000395063070736,34.109,14.159,23.864355,0.0,0.0,0.0,0.0,23.860487,0.18784523,4,99,Summer,15,0.22258403441534416,0.3545177902349267,0.06799464676349913,0.26000395063070736,0.21155072773789002
2024-04-15,area_30.89N_75.95E,0.1488304994094925,35.309002,16.959,25.855429,16.5,16.5,0.0,11.0,26.106022,0.19686905,4,106,Summer,16,0.1488304994094925,0.26000395063070736,0.05656761486908108,0.1488304994094925,0.19458565996908564
2024-04-22,area_30.89N_75.95E,0.1488304994094925,35.109,16.559,26.26763,1.6000001,1.6000001,0.0,4.0,27.223585,0.18405357,4,113,Summer,17,0.1488304994094925,0.26000395063070736,0.05656761486908108,0.1488304994094925,0.18278187349842806
2024-04-29,area_30.89N_75.95E,0.13547118408877182,38.359,16.559,27.240845,3.6000004,3.6000004,0.0,8.0,28.345013,0.15920237,4,120,Summer,18,0.13547118408877182,0.26000395063070736,0.0683696052166246,0.13547118408877182,0.1637741579755024
2024-05-06,area_30.89N_75.95E,0.11607630259844572,40.509,14.959001,28.477749,0.0,0.0,0.0,0.0,29.272093,0.15597619,5,127,Summer,19,0.11607630259844572,0.1488304994094925,0.01646951801864677,0.11607630259844572,0.15731298826995468
2024-05-13,area_30.89N_75.95E,0.11326768675115452,39.109,21.309,30.525665,0.90000004,0.90000004,0.0,5.0,31.995605,0.15087499,5,134,Summer,20,0.11326768675115452,0.13547118408877182,0.012090251203781256,0.11326768675115452,0.13440640021694544
2024-05-20,area_30.89N_75.95E,0.10585361697371326,43.259,21.709,33.9212,0.0,0.0,0.0,0.0,34.620308,0.14472619,5,141,Summer,21,0.10585361697371326,0.13547118408877182,0.01262839742698029,0.10585361697371326,0.15594563532261943
2024-05-27,area_30.89N_75.95E,0.10946387638455336,44.909,25.559,35.366142,0.0,0.0,0.0,0.0,36.615246,0.13864882,5,148,Summer,22,0.10585361697371326,0.11607630259844572,0.004458953369136293,0.10946387638455336,0.16028217909591286
2024-06-03,area_30.89N_75.95E,0.10602142736985476,45.359,26.559,36.260487,0.0,0.0,0.0,0.0,37.478046,0.1383036,6,155,Monsoon,23,0.10585361697371326,0.11326768675115452,0.003498312302055776,0.10602142736985476,0.14042456124534874
2024-06-10,area_30.89N_75.95E,0.09008284748771517,42.459,23.759,33.315845,1.2,1.2,0.0,4.0,34.91019,0.1523393,6,162,Monsoon,24,0.09008284748771517,0.10946387638455336,0.008676079992819314,0.09008284748771517,0.12490261477854721
2024-06-17,area_30.89N_75.95E,0.11168700817693147,44.659,26.359001,36.853046,0.0,0.0,0.0,0.0,37.94114,0.14408927,6,169,Monsoon,25,0.09008284748771517,0.11168700817693147,0.009769399268940783,0.11168700817693147,0.15463844046939298
2024-06-24,area_30.89N_75.95E,0.11168700817693147,42.759,24.959,33.449474,0.8000001,0.8000001,0.0,3.0,35.83132,0.1665,6,176,Monsoon,26,0.09008284748771517,0.11168700817693147,0.011201762462714999,0.11168700817693147,0.16236058620767682
2024-07-01,area_30.89N_75.95E,0.11168700817693147,39.109,25.859001,32.12894,28.2,28.2,0.0,32.0,34.149773,0.2526488,7,183,Monsoon,27,0.09008284748771517,0.11168700817693147,0.015276448525190948,0.11168700817693147,0.18683395612143733
2024-07-08,area_30.89N_75.95E,0.11168700817693147,35.309002,25.359001,28.99382,32.100002,32.100002,0.0,31.0,30.110188,0.37766072,7,190,Monsoon,28,0.11168700817693147,0.11168700817693147,0.0,0.11168700817693147,0.22309696576736138
2024-07-15,area_30.89N_75.95E,0.11144197632662532,35.459,24.359001,30.349178,4.0,4.0,0.0,5.0,31.783997,0.29051787,7,197,Monsoon,29,0.11144197632662532,0.11144197632662532,0.0,0.11144197632662532,0.21230521388469772
2024-07-22,area_30.89N_75.95E,0.2813828304482968,36.359,25.409,30.981321,21.3,21.3,0.0,20.0,32.58043,0.2503512,7,204,Monsoon,30,0.11144197632662532,0.2813828304482968,0.12016633035006774,0.2813828304482968,0.32922117544506235
2024-07-29,area_30.89N_75.95E,0.2813828304482968,36.259,26.159,30.495905,29.0,29.0,0.0,43.0,31.671795,0.2999464,7,211,Monsoon,31,0.11144197632662532,0.2813828304482968,0.12016633035006774,0.2813828304482968,0.42791683617114284
2024-08-05,area_30.89N_75.95E,0.2813828304482968,35.759,25.359001,29.444414,35.1,35.1,0.0,40.0,30.52001,0.3301607,8,218,Monsoon,32,0.11144197632662532,0.2813828304482968,0.12016633035006774,0.2813828304482968,0.32595391680034175
2024-08-12,area_30.89N_75.95E,0.2813828304482968,33.509,24.909,28.825666,13.299999,13.299999,0.0,38.0,30.27477,0.25336906,8,225,Monsoon,33,0.2813828304482968,0.2813828304482968,0.0,0.2813828304482968,0.47787187070567966
2024-08-19,area_30.89N_75.95E,0.2813828304482968,34.159,24.459,28.689655,57.3,57.3,0.0,64.0,30.015247,0.30625597,8,232,Monsoon,34,0.2813828304482968,0.2813828304482968,0.0,0.2813828304482968,0.4603452821119035
2024-08-26,area_30.89N_75.95E,0.4466361138304846,33.509,24.059,28.876558,12.4,12.4,0.0,40.0,30.260191,0.312,8,239,Monsoon,35,0.4466361138304846,0.4466361138304846,0.0,0.4466361138304846,0.3583260945578542
2024-09-02,area_30.89N_75.95E,0.22913492529064833,33.959,24.059,27.878939,39.4,39.4,0.0,46.0,29.102451,0.3009524,9,246,Post-Monsoon,36,0.22913492529064833,0.4466361138304846,0.153796565332652,0.22913492529064833,0.2962569677875729
2024-09-09,area_30.89N_75.95E,0.22913492529064833,33.059002,23.609001,27.600664,59.499992,59.499992,0.0,44.0,29.14977,0.33254167,9,253,Post-Monsoon,37,0.22913492529064833,0.4466361138304846,0.153796565332652,0.22913492529064833,0.38999703658388113
2024-09-16,area_30.89N_75.95E,0.4210550750120161,33.559002,22.159,27.59025,1.2,1.2,0.0,5.0,29.090847,0.28460714,9,260,Post-Monsoon,38,0.22913492529064833,0.4466361138304846,0.11887984159950866,0.4210550750120161,0.4338312504177731
2024-09-23,area_30.89N_75.95E,0.2810511786036447,36.109,21.659,28.671204,5.0,5.0,0.0,6.0,30.219418,0.2126131,9,267,Post-Monsoon,39,0.22913492529064833,0.4210550750120161,0.09927212787472742,0.2810511786036447,0.28574969610986684
2024-09-30,area_30.89N_75.95E,0.2820551227352944,34.759,21.809,27.949476,5.2999997,5.2999997,0.0,16.0,29.727451,0.21894643,9,274,Post-Monsoon,40,0.2810511786036447,0.4210550750120161,0.0805430378185853,0.2820551227352944,0.3625927759591398
2024-10-07,area_30.89N_75.95E,0.22649455155509793,35.909,20.859001,27.886675,0.6,0.6,0.0,2.0,29.731024,0.16842261,10,281,Post-Monsoon,41,0.22649455155509793,0.4210550750120161,0.08308644371922247,0.22649455155509793,0.3006052744984613
2024-10-14,area_30.89N_75.95E,0.17464596356831097,33.859,18.409,25.780428,0.0,0.0,0.0,0.0,27.33281,0.15679166,10,288,Post-Monsoon,42,0.17464596356831097,0.2820551227352944,0.05132533801195805,0.17464596356831097,0.2716752903564148
2024-10-21,area_30.89N_75.95E,0.13450202595101038,33.809002,18.209,25.290846,0.0,0.0,0.0,0.0,26.777452,0.17100596,10,295,Post-Monsoon,43,0.13450202595101038,0.2820551227352944,0.06400394355306316,0.13450202595101038,0.2012403499311407
2024-10-28,area_30.89N_75.95E,0.10566581696053509,32.809002,17.059,24.757215,0.0,0.0,0.0,0.0,25.851261,0.1729643,10,302,Post-Monsoon,44,0.10566581696053509,0.22649455155509793,0.052402136764130726,0.10566581696053509,0.17176641437891912
2024-11-04,area_30.89N_75.95E,0.08914758994524243,32.909,14.659,23.259596,0.0,0.0,0.0,0.0,24.294416,0.17449404,11,309,Post-Monsoon,45,0.08914758994524243,0.17464596356831097,0.037462394348326385,0.08914758994524243,0.14966123112708152
2024-11-11,area_30.89N_75.95E,0.08914758994524243,30.009,16.159,22.535488,0.0,0.0,0.0,0.0,23.741144,0.21402976,11,316,Post-Monsoon,46,0.08914758994524243,0.13450202595101038,0.022954315636616138,0.08914758994524243,0.1193503383065558
2024-11-18,area_30.89N_75.95E,0.06016600150634767,27.209,10.709001,18.827452,0.0,0.0,0.0,0.0,19.567333,0.2623393,11,323,Post-Monsoon,47,0.06016600150634767,0.10566581696053509,0.02303264892326876,0.06016600150634767,0.14528305986154508
2024-11-25,area_30.89N_75.95E,0.08547544382367435,25.459,10.659,17.127155,0.0,0.0,0.0,0.0,17.391142,0.2980833,11,330,Post-Monsoon,48,0.06016600150634767,0.08914758994524243,0.015779654601171814,0.08547544382367435,0.16936179702076828
2024-12-02,area_30.89N_75.95E,0.11671510563429961,23.159,9.459001,16.166739,0.0,0.0,0.0,0.0,16.396797,0.24845238,12,337,Winter,49,0.06016600150634767,0.11671510563429961,0.02832632908953042,0.11671510563429961,0.1915066973429078
2024-12-09,area_30.89N_75.95E,0.1399147799992054,21.359001,6.659,13.009298,2.8999999,2.8999999,0.0,4.0,13.659596,0.2251488,12,344,Winter,50,0.06016600150634767,0.1399147799992054,0.03497144001789568,0.1399147799992054,0.17449295771851528
2024-12-16,area_30.89N_75.95E,0.10357671249795126,18.109001,3.409,10.841738,0.0,0.0,0.0,0.0,11.24412,0.24535717,12,351,Winter,51,0.08547544382367435,0.1399147799992054,0.022910170840810876,0.10357671249795126,0.22854792402990642
2024-12-23,area_30.89N_75.95E,0.1674980438661046,20.059,5.059,11.6146555,1.8000001,1.8000001,0.0,7.0,12.049478,0.15865476,12,358,Winter,52,0.10357671249795126,0.1674980438661046,0.028072788246883296,0.1674980438661046,0.188551957555129
2024-12-30,area_30.89N_75.95E,0.1674980438661046,19.659,5.259,11.885489,46.500004,46.500004,0.0,31.0,12.563762,0.28890476,12,365,Winter,1,0.10357671249795126,0.1674980438661046,0.032060433037088866,0.1674980438661046,0.3260711000993601
2025-01-06,area_30.89N_75.95E,0.1674980438661046,18.759,6.459,11.792037,13.799999,13.799999,0.0,5.0,12.426559,0.3377619,1,6,Winter,2,0.10357671249795126,0.1674980438661046,0.0451992068728936,0.1674980438661046,0.3974884156072682
2025-01-13,area_30.89N_75.95E,0.30393493625088763,18.209,4.1089997,11.064952,9.599999,9.599999,0.0,19.0,11.719417,0.3368155,1,13,Winter,3,0.1674980438661046,0.30393493625088763,0.09647545180929935,0.30393493625088763,0.33190417340220807
2025-01-20,area_30.89N_75.95E,0.24282809678765713,20.159,5.259,12.503346,0.5,0.5,0.0,3.0,13.009893,0.27948812,1,20,Winter,4,0.24282809678765713,0.30393493625088763,0.04320906056132813,0.24282809678765713,0.3048735609004312
2025-01-27,area_30.89N_75.95E,0.11829097257714906,21.809,4.809,13.111382,0.0,0.0,0.0,0.0,14.098584,0.11952976,1,27,Winter,5,0.11829097257714906,0.30393493625088763,0.09461080134275099,0.11829097257714906,0.275611520952979
2025-02-03,area_30.89N_75.95E,0.2616383909919445,22.309,8.609,14.434001,0.3,0.3,0.0,3.0,15.774774,0.1048631,2,34,Winter,6,0.11829097257714906,0.30393493625088763,0.07979062688237315,0.2616383909919445,0.3317803223891455
2025-02-10,area_30.89N_75.95E,0.2616383909919445,24.559,6.959,14.48519,0.0,0.0,0.0,0.0,15.304537,0.12881547,2,41,Winter,7,0.11829097257714906,0.2616383909919445,0.07790143862691908,0.2616383909919445,0.3635652441753345
2025-02-17,area_30.89N_75.95E,0.36410677147760373,25.309,8.709001,16.389357,0.4,0.4,0.0,1.0,17.331024,0.1181369,2,48,Winter,8,0.11829097257714906,0.36410677147760373,0.12347311337197334,0.36410677147760373,0.3658301289968227
2025-02-24,area_30.89N_75.95E,0.29942115199408925,25.709,9.259001,16.854536,17.700003,17.700003,0.0,22.0,18.251858,0.12788096,2,55,Winter,9,0.2616383909919445,0.36410677147760373,0.051819454834815835,0.29942115199408925,0.4208443019639292
